<?xml version="1.0" encoding="UTF-8"?>
<addon id="plugin.video.xtreamclient2"
version="3.0.0"
name="Example Kodi Xtream Plugin2"
provider-name="HJ_G">
<requires>
<!--  <import addon="xbmc.python" version="2.25.0"/> -->
<!-- TODO: remove for release 
  <import addon="script.module.web-pdb" version="1.5.6"/>
-->
  <import addon="script.module.requests" />
  <import addon="script.module.urllib3" />
	  <!--  <import addon="script.module.enum" /> -->
</requires>
<extension point="xbmc.python.pluginsource" library="main.py">
  <provides>video</provides>
</extension>
<extension point="xbmc.addon.metadata">
  <summary lang="en">Example Kodi Xtream Plugin2</summary>
  <description lang="en_GB">An example Python 2 Xtream plugin for Kodi mediacenter.</description>
  <disclaimer lang="en_GB">Use at own risk. No warranty.</disclaimer>
  <assets>
    <icon>icon.png</icon>
    <fanart>fanart.jpg</fanart>
    <screenshot>resources\screenshot-01.jpg</screenshot>
    <screenshot>resources\screenshot-02.jpg</screenshot>
    <screenshot>resources\screenshot-03.jpg</screenshot>    
    <screenshot>resources\screenshot-04.jpg</screenshot>    
    <screenshot>resources\screenshot-05.jpg</screenshot>    
  </assets>
  <news>Kompatibel with Python 2.7 (Kodi Matrix)</news>
</extension>
</addon>
